delta	phi	mju	theta	p	alpha	sigma	ctrl_num	case_num	p_init	p_eas	Pi1	Pi2	icd	snp	pvalue_norm	pvalue_test
0.001	0.496232882486346	1e-08	1e-05	0.0695740211081151	7.19076502912166	899.96233416045	1247	153	0.0526671168129642	0.051804	0.120012760298619	0.123598410396185	A09	19:28958117:T:C	0.0485186303842273	0.0697441436811443
0.001	0.527909144955116	1e-08	1e-05	0.0695740211081151	7.15569744876219	899.963366008127	1180	220	0.0526671168129642	0.051804	0.120775950289876	0.118412943367915	B08	19:28958117:T:C	0.0490785222803198	0.0703854221307263
0.001	0.529951561199114	1e-08	1e-05	0.0695740211081151	7.17328021537709	899.922157486091	1177	223	0.0526671168129642	0.051804	0.119913113060616	0.122998810810087	B99	19:28958117:T:C	0.0487967781090002	0.0700628933147178
0.001	0.559825637207896	1e-08	1e-05	0.0695740211081151	8.4083868670003	899.955344553228	1306	94	0.0526671168129642	0.051804	0.120536684863484	0.118569770758353	J01	19:28958117:T:C	0.0332352654124928	0.0516246254047774
0.001	0.6	1e-08	1e-05	0.0695740211081151	7.18650117124075	500	1086	314	0.0526671168129642	0.051804	0.120887934254925	0.11873303274569	J02	19:28958117:T:C	0.048586274286726	0.0698216927597306
0.001	0.530382853501843	1e-08	1e-05	0.0695740211081151	7.32601398313246	899.960293152551	1215	185	0.0526671168129642	0.051804	0.121078748717744	0.115977238869925	J03	19:28958117:T:C	0.0464334610247963	0.0673436471864128
0.001	0.547438008396065	1e-08	1e-05	0.0695740211081151	7.1159159015949	899.96088603064	455	945	0.0526671168129642	0.051804	0.121521066589583	0.119867072576438	J06	19:28958117:T:C	0.0497236168914237	0.0711226157011282
0.001	0.496386580489143	1e-08	1e-05	0.0695740211081151	7.19407909479488	899.962568263003	823	577	0.0526671168129642	0.051804	0.11966413038058	0.121460813829771	J20	19:28958117:T:C	0.0484661367414838	0.0696839495496426
0.001	0.524447563977207	1e-08	1e-05	0.0695740211081151	7.32606348319802	899.962054118772	1335	65	0.0526671168129642	0.051804	0.12048026186658	0.118851066017084	B34	19:28958117:T:C	0.0464327188413935	0.0673427892525031
0.001	0.524412336906292	1e-08	1e-05	0.0695740211081151	7.15125043681197	899.963067938132	1332	68	0.0526671168129642	0.051804	0.120821234431336	0.112243891477281	E58	19:28958117:T:C	0.0491501066852995	0.0704673143623409
0.001	0.6	1e-08	1e-05	0.0695740211081151	7.2524510443519	899.785179458314	1270	130	0.0526671168129642	0.051804	0.120940025428485	0.1151741276063	H10	19:28958117:T:C	0.0475532149902613	0.0686351637028946
0.001	0.592449785416019	1e-08	1e-05	0.0695740211081151	7.16383938674411	899.954480325766	1333	67	0.0526671168129642	0.051804	0.120407062704292	0.120356034301107	H52	19:28958117:T:C	0.0489478015783893	0.0702358212667031
0.001	0.531762046793085	1e-08	1e-05	0.0695740211081151	7.1381637334123	899.962757535524	1332	68	0.0526671168129642	0.051804	0.120511572413182	0.118309623950543	K59	19:28958117:T:C	0.0493615339985165	0.0707090577869145
0.001	0.6	1e-08	1e-05	0.0695740211081151	7.18649463528084	500	1279	121	0.0526671168129642	0.051804	0.12065716769185	0.117735135579496	L20	19:28958117:T:C	0.0485863780679345	0.0698218117223934
0.001	0.48709993200488	1e-08	1e-05	0.0695740211081151	7.20170160453667	899.962180635955	1338	62	0.0526671168129642	0.051804	0.120393587829633	0.120642715595892	L23	19:28958117:T:C	0.0483456713328643	0.0695457669847719
0.001	0.57290623886588	1e-08	1e-05	0.0695740211081151	7.12478105470016	899.959072770039	1146	254	0.0526671168129642	0.051804	0.120180206219722	0.121417136044067	L30	19:28958117:T:C	0.0495789351095892	0.0709574323211088
0.001	0.499109511558814	1e-08	1e-05	0.0695740211081151	7.19069646215901	899.961845591513	1291	109	0.0526671168129642	0.051804	0.120699776337516	0.116908785607906	J30	19:28958117:T:C	0.0485197172204805	0.0697453898221254
0.001	0.548754137537543	1e-08	1e-05	0.0695740211081151	7.78312989189655	899.958758410781	1179	221	0.0526671168129642	0.051804	0.120816310000911	0.118208323040365	K92	19:28958117:T:C	0.0401736902045484	0.0600112092637299
0.001	0.6	1e-08	1e-05	0.0695740211081151	7.18744797092705	899.962033602548	1307	93	0.0526671168129642	0.051804	0.120262087893703	0.122407741999191	K30	19:28958117:T:C	0.048571243495696	0.0698044627190555
0.001	0.545733666218603	1e-08	1e-05	0.0706673275225428	8.41159566105704	899.955100360258	1533	264	0.0495867768595041	0.05459	0.118165983410997	0.125613917936278	B08	20:2011308:G:A	0.0332037264700042	0.0515857830551831
0.001	0.581370469742041	1e-08	1e-05	0.0706673275225428	7.63629937681442	899.957403088466	1735	62	0.0495867768595041	0.05459	0.119455685930591	0.113788900236463	H61	20:2011308:G:A	0.042061302183295	0.062243476338105
0.001	0.545706440584091	1e-08	1e-05	0.0706673275225428	7.10184818202297	899.963393269615	1717	80	0.0495867768595041	0.05459	0.119296491491244	0.118480637672124	J00	20:2011308:G:A	0.0499543049428501	0.0713858093526394
0.001	0.566402738388835	1e-08	1e-05	0.0706673275225428	7.1057016932779	899.963437220484	1367	430	0.0495867768595041	0.05459	0.119749126731047	0.11770574572766	J02	20:2011308:G:A	0.0498909790250504	0.0713135827203801
0.001	0.530896464697382	1e-08	1e-05	0.0706673275225428	7.16900192113917	899.929798695242	1650	147	0.0495867768595041	0.05459	0.118966972497424	0.122551171996501	J04	20:2011308:G:A	0.0488651441384118	0.0701411874072848
0.001	0.560356827796259	1e-08	1e-05	0.0706673275225428	7.1230050899262	899.963232342485	1599	198	0.0495867768595041	0.05459	0.119442372749773	0.117788751905799	E55	20:2011308:G:A	0.0496078766198149	0.0709904819894289
0.001	0.547921910376427	1e-08	1e-05	0.0706673275225428	7.42660991403927	899.961554709602	1709	88	0.0495867768595041	0.05459	0.119415151010212	0.116250384406621	E58	20:2011308:G:A	0.0449556192193497	0.0656301995773922
0.001	0.594624200446519	1e-08	1e-05	0.0706673275225428	7.45442234931033	899.95662854505	1722	75	0.0495867768595041	0.05459	0.119067358236192	0.123687146953502	L23	20:2011308:G:A	0.0445575567898484	0.0651668920878861
0.001	0.570816257616133	1e-08	1e-05	0.0706673275225428	7.38363814786002	899.959962978311	1719	78	0.0495867768595041	0.05459	0.11916088588797	0.121448257215569	Q82	20:2011308:G:A	0.0455795277240902	0.0663548353563119
0.001	0.553772966595274	1e-08	1e-05	0.07179007628496	8.15382366091691	899.952735899933	1107	315	0.0517125587642713	0.053835	0.119388088230741	0.121069269332475	J02	2:34187200:T:C	0.0358621490350224	0.0548357283797687
0.001	0.569055013423669	1e-08	1e-05	0.0737181758719392	7.30893789506355	899.957685429836	1376	169	0.0603290676416819	0.056148	0.120099835871366	0.118764782398634	H10	2:34189112:G:A	0.0466903905427662	0.0676404944481757
0.001	0.54761320701472	1e-08	1e-05	0.0908834012931559	7.21015272310061	899.959048211351	676	258	0.0769230769230769	0.067246	0.11839205817487	0.121536054043056	K52	3:69210191:G:A	0.0482125532290114	0.0693929967224298
0.001	0.6	1e-08	1e-05	0.0701873477068644	7.1237017507609	500	940	171	0.0731497418244406	0.050482	0.122824522288362	0.120140404541236	B08	11:21975525:G:A	0.049596521133856	0.0709775150515037
0.001	0.547834232179639	1e-08	1e-05	0.0701873477068644	7.11940091971903	899.960992334439	1053	58	0.0731497418244406	0.050482	0.122364043056754	0.12327108256638	J00	11:21975525:G:A	0.0496666767414402	0.0710576176534823
0.001	0.486247933393283	1e-08	1e-05	0.0701873477068644	7.18302571803689	500	1048	63	0.0731497418244406	0.050482	0.122497788432439	0.120974251593899	J01	11:21975525:G:A	0.048641498863526	0.0698849891296969
0.001	0.6	1e-08	1e-05	0.0701873477068644	7.12370902252547	500	846	265	0.0731497418244406	0.050482	0.123276751695695	0.119648785634168	J02	11:21975525:G:A	0.0495964026223417	0.0709773797191846
0.001	0.542658302721199	1e-08	1e-05	0.0701873477068644	7.70646531583074	899.952647149217	964	147	0.0731497418244406	0.050482	0.122039673320831	0.124849081947832	J03	11:21975525:G:A	0.0411456169287951	0.0611630082605028
0.001	0.531903204105993	1e-08	1e-05	0.0701873477068644	7.12157902991292	899.962796420026	353	758	0.0731497418244406	0.050482	0.122582476671868	0.122331722773671	J06	11:21975525:G:A	0.0496311314891194	0.0710170352378523
0.001	0.496820075868121	1e-08	1e-05	0.0701873477068644	7.10146011541124	899.961565210042	685	426	0.0731497418244406	0.050482	0.121856968048976	0.123302903788882	J20	11:21975525:G:A	0.0499606877979315	0.071393088407038
0.001	0.529908515107868	1e-08	1e-05	0.0701873477068644	7.28440336403518	899.960831926228	990	121	0.0731497418244406	0.050482	0.122220026647046	0.123977138405258	J21	11:21975525:G:A	0.0470626968688279	0.0680701062927274
0.001	0.555142799339769	1e-08	1e-05	0.0701873477068644	7.4434258200316	899.957931636489	815	296	0.0731497418244406	0.050482	0.122320317784277	0.122662165991305	K52	11:21975525:G:A	0.0447144088803513	0.0653495451397934
0.001	0.497235773084049	1e-08	1e-05	0.0701873477068644	7.12428344989734	899.959745046885	1003	108	0.0731497418244406	0.050482	0.122140787233761	0.124924541964351	H10	11:21975525:G:A	0.0495870420302551	0.0709666903530015
0.001	0.558394072844498	1e-08	1e-05	0.0701873477068644	7.19294832938139	899.96183215096	1037	74	0.0731497418244406	0.050482	0.121673981729532	0.132745149649836	K59	11:21975525:G:A	0.04848403958928	0.0697044799878133
0.001	0.6	1e-08	1e-05	0.0701873477068644	7.12369960933538	500	921	190	0.0731497418244406	0.050482	0.122009582617563	0.124359129141244	L30	11:21975525:G:A	0.0495965560337865	0.070977554904907
0.001	0.550306488854785	1e-08	1e-05	0.0701873477068644	7.68200513168761	899.951170028662	840	271	0.0731497418244406	0.050482	0.121935621387386	0.123886118679733	J40	11:21975525:G:A	0.0414619457487617	0.0615367688276494
0.001	0.548625909628988	1e-08	1e-05	0.0836163824412464	7.28056061445521	899.958184696797	511	968	0.0676883780332056	0.06446	0.120633826868017	0.119574007351667	J06	14:52346453:T:A	0.0471213494423997	0.0681377290429526
0.001	0.54344839268224	1e-08	1e-05	0.0771298484047369	7.32579660558182	899.958883037408	1000	430	0.0554106910039113	0.05851	0.120043029201397	0.120082546497124	K52	14:58767036:A:G	0.0464367204710079	0.0673474149438433
0.001	0.567743999933791	1e-08	1e-05	0.0732306271265923	7.17128766120474	899.961739134006	1440	164	0.064327485380117	0.056007	0.12065777866588	0.122555178217011	E55	15:57494222:T:C	0.0488286035354863	0.07009934292649
0.001	0.553505340279051	1e-08	1e-05	0.0732306271265923	7.17719118086363	899.962428427238	1465	139	0.064327485380117	0.056007	0.120698494685813	0.122467307854255	L20	15:57494222:T:C	0.0487343877747048	0.0699914250042577
0.001	0.500064742529067	1e-08	1e-05	0.0696452830876287	7.18068789666304	899.96217367204	1455	172	0.0623916811091854	0.052985	0.121493385055821	0.11719551848167	A09	15:57500986:A:G	0.0486786912875155	0.0699276102224906
0.001	0.505051482170782	1e-08	1e-05	0.0696452830876287	7.25787759652385	899.962493793491	1356	271	0.0623916811091854	0.052985	0.120822782093671	0.122121077180993	B08	15:57500986:A:G	0.0474694545896428	0.0685387518891707
0.001	0.576105768446191	1e-08	1e-05	0.0696452830876287	7.14554796861498	899.958730903707	1420	207	0.0623916811091854	0.052985	0.121446575607731	0.118243319188832	B99	15:57500986:A:G	0.0492420939178437	0.0705725150002114
0.001	0.538397229980705	1e-08	1e-05	0.0696452830876287	7.31024917978674	899.962038477208	1546	81	0.0623916811091854	0.052985	0.120465723182816	0.131981436968317	J01	15:57500986:A:G	0.0466705971171424	0.0676176366377133
0.001	0.544353681569393	1e-08	1e-05	0.0696452830876287	7.12336866516294	899.963071169256	1281	346	0.0623916811091854	0.052985	0.121122135473076	0.120731355185134	J02	15:57500986:A:G	0.049601949977566	0.0709837143683498
0.001	0.563187425561934	1e-08	1e-05	0.0696452830876287	7.32917871807235	899.961443392131	1509	118	0.0623916811091854	0.052985	0.1209750178302	0.121857648553346	J04	15:57500986:A:G	0.0463860404687602	0.0672888258223912
0.001	0.563377649044395	1e-08	1e-05	0.0696452830876287	7.15364389736779	899.963044820519	560	1067	0.0623916811091854	0.052985	0.120829181169647	0.121149168678598	J06	15:57500986:A:G	0.0491115622805836	0.0704232224797166
0.001	0.557352651939879	1e-08	1e-05	0.0696452830876287	7.18260517498242	899.95935072691	1335	292	0.0623916811091854	0.052985	0.120784031483972	0.122204871246454	J18	15:57500986:A:G	0.0486481866338604	0.0698926535025359
0.001	0.536798997526979	1e-08	1e-05	0.0696452830876287	8.44128606261977	899.954467504867	962	665	0.0623916811091854	0.052985	0.120709661409245	0.121515503999056	J20	15:57500986:A:G	0.0329136800914787	0.0512282374261623
0.001	0.6	1e-08	1e-05	0.0696452830876287	7.18018906081265	899.959507320876	1417	210	0.0623916811091854	0.052985	0.12123297179982	0.119730397117725	J21	15:57500986:A:G	0.0486866319306409	0.0699367091150238
0.001	0.591587917037969	1e-08	1e-05	0.0696452830876287	7.11187740083045	899.963013232917	1569	58	0.0623916811091854	0.052985	0.121033243745859	0.121195603410586	J39	15:57500986:A:G	0.0497897035614174	0.0711980374281003
0.001	0.6	1e-08	1e-05	0.0696452830876287	7.17915240072089	500	1500	127	0.0623916811091854	0.052985	0.120699806637328	0.125045625819479	J98	15:57500986:A:G	0.0487031390915715	0.0699556231888927
0.001	0.6	1e-08	1e-05	0.0696452830876287	7.17915640010618	500	1188	439	0.0623916811091854	0.052985	0.12045462777829	0.122620516251613	K52	15:57500986:A:G	0.0487030753941211	0.069955550205981
0.001	0.571062587734762	1e-08	1e-05	0.0696452830876287	7.32315827793784	899.959007432439	1563	64	0.0623916811091854	0.052985	0.121098286284024	0.119591921455267	B09	15:57500986:A:G	0.0464763036899907	0.067393167250148
0.001	0.57759269256859	1e-08	1e-05	0.0696452830876287	7.18004454265938	899.962716505072	1437	190	0.0623916811091854	0.052985	0.121007514767307	0.121277398497087	E55	15:57500986:A:G	0.0486889327272799	0.0699393454624644
0.001	0.533794551885767	1e-08	1e-05	0.0696452830876287	7.74168738670868	899.959494839922	1555	72	0.0623916811091854	0.052985	0.121112240187394	0.119457929773174	E58	15:57500986:A:G	0.0406954417643655	0.0606301654472663
0.001	0.526246453457839	1e-08	1e-05	0.0696452830876287	7.34626268535261	899.961274482597	1468	159	0.0623916811091854	0.052985	0.121706855573065	0.114873210401304	H10	15:57500986:A:G	0.0461311082387663	0.0669939279987433
0.001	0.55814804530918	1e-08	1e-05	0.0696452830876287	7.25087730220259	899.959220179535	1527	100	0.0623916811091854	0.052985	0.120700004465959	0.126215976155474	H52	15:57500986:A:G	0.0475775411225785	0.0686631582220723
0.001	0.548505362968262	1e-08	1e-05	0.0696452830876287	7.58678470926113	899.96006388971	1537	90	0.0623916811091854	0.052985	0.12089336328822	0.123526722900807	K59	15:57500986:A:G	0.0427230041444544	0.0630215025277001
0.001	0.56286958511458	1e-08	1e-05	0.0696452830876287	7.32953581075087	899.961428874318	1482	145	0.0623916811091854	0.052985	0.121002077449415	0.1214167286554	L20	15:57500986:A:G	0.0463806936186812	0.0672826438492273
0.001	0.594427530726207	1e-08	1e-05	0.0696452830876287	7.71431533101222	899.955605271498	1549	78	0.0623916811091854	0.052985	0.120740105295268	0.126975401701227	L23	15:57500986:A:G	0.041044743415082	0.0610437068074789
0.001	0.6	1e-08	1e-05	0.0696452830876287	7.18007480906979	899.962506965616	1331	296	0.0623916811091854	0.052985	0.121195888706727	0.12033370461626	L30	15:57500986:A:G	0.0486884508604695	0.0699387933215567
0.001	0.52989500675068	1e-08	1e-05	0.0696452830876287	7.2335356876604	899.96217956346	1555	72	0.0623916811091854	0.052985	0.12112376592184	0.119209005925072	Q82	15:57500986:A:G	0.0478466446971459	0.0689726660280316
0.001	0.497932761969729	1e-08	1e-05	0.0696452830876287	7.20115952370636	899.962120395277	1520	107	0.0623916811091854	0.052985	0.120828662995833	0.124027445620559	J30	15:57500986:A:G	0.0483542258025735	0.0695555816821454
0.001	0.521871596622771	1e-08	1e-05	0.0696452830876287	7.15570755170209	899.962710481171	1375	252	0.0623916811091854	0.052985	0.121479050510068	0.118638134856046	K92	15:57500986:A:G	0.0490783598016522	0.0703852362307864
0.001	0.49756463057176	1e-08	1e-05	0.0696452830876287	7.18124632425347	899.961932325683	1525	102	0.0623916811091854	0.052985	0.121267086044913	0.117629394280144	L50	15:57500986:A:G	0.0486698039865785	0.069917426263886
0.001	0.6	1e-08	1e-05	0.0696452830876287	7.17915441837133	500	1515	112	0.0623916811091854	0.052985	0.120840887607165	0.123719283126891	K30	15:57500986:A:G	0.0487031069568229	0.0699555863697205
0.001	0.589977248817153	1e-08	1e-05	0.0877298582610058	7.4419218326142	899.95840907508	824	175	0.0908212560386473	0.072582	0.119618602208038	0.119987864258161	J18	7:102215622:G:A	0.0447359156372098	0.0653745802585608
0.001	0.526385575139197	1e-08	1e-05	0.0775121756563544	7.55747689339506	899.959805022709	1437	296	0.0589484864577801	0.060351	0.11990104276079	0.119347417671957	L30	7:139933369:C:T	0.043120864910476	0.0634882158018182
0.001	0.591299755651274	1e-08	1e-05	0.0660894463740016	7.37936197537171	899.960002051826	1572	199	0.049973418394471	0.050482	0.120907060709811	0.119628869537665	A09	8:94799830:T:C	0.0456422107851564	0.0664275357518109
0.001	0.56272220255069	1e-08	1e-05	0.0660894463740016	7.65213880515177	899.957548721833	1490	281	0.049973418394471	0.050482	0.12006135693273	0.124486201580247	B08	8:94799830:T:C	0.0418523630714123	0.0619973303800645
0.001	0.6	1e-08	1e-05	0.0660894463740016	7.56540437183584	500	1517	254	0.049973418394471	0.050482	0.121165923049691	0.118359603178885	B99	8:94799830:T:C	0.0430127874358108	0.063361514963018
0.001	0.578033764576163	1e-08	1e-05	0.0660894463740016	7.58700296720838	899.957461538761	1709	62	0.049973418394471	0.050482	0.120743487403746	0.121313298400254	H61	8:94799830:T:C	0.0427200586685652	0.0630180442860353
0.001	0.532486116071317	1e-08	1e-05	0.0660894463740016	7.38649611386864	899.959633254614	1681	90	0.049973418394471	0.050482	0.121011469782278	0.116130708553414	J00	8:94799830:T:C	0.045537694367876	0.0663063062793021
0.001	0.572985659446814	1e-08	1e-05	0.0660894463740016	7.72528295802737	899.959715887991	1675	96	0.049973418394471	0.050482	0.120860850665673	0.119063745925157	J01	8:94799830:T:C	0.0409043302768515	0.0608775504716561
0.001	0.520920853266984	1e-08	1e-05	0.0660894463740016	7.50625588127883	899.961025789435	1360	411	0.049973418394471	0.050482	0.120642758730113	0.121162755719864	J02	8:94799830:T:C	0.0438275063533384	0.0643151644524071
0.001	0.52546622034378	1e-08	1e-05	0.0660894463740016	7.45769783843413	899.961116653591	1538	233	0.049973418394471	0.050482	0.120556025549179	0.122132520082318	J03	8:94799830:T:C	0.0445109703705191	0.0651126194492133
0.001	0.558538855835153	1e-08	1e-05	0.0660894463740016	7.75012477563671	899.959009577458	1607	164	0.049973418394471	0.050482	0.120822603745334	0.12018366009186	J04	8:94799830:T:C	0.0405885270165991	0.0605034545698588
0.001	0.592996477297708	1e-08	1e-05	0.0660894463740016	7.56127773178611	899.960806090452	1443	328	0.049973418394471	0.050482	0.120580063455437	0.121570161303727	J18	8:94799830:T:C	0.043069004298109	0.0634274262685297
0.001	0.544559523782089	1e-08	1e-05	0.0660894463740016	7.57966519221315	899.96086464686	1705	66	0.049973418394471	0.050482	0.120799637883632	0.119828210336743	J39	8:94799830:T:C	0.0428192255777318	0.0631344501803481
0.001	0.558306730967725	1e-08	1e-05	0.0660894463740016	7.50007836697587	899.958646167493	1264	507	0.049973418394471	0.050482	0.120675011437264	0.120983885635336	K52	8:94799830:T:C	0.0439137164360204	0.0644158804629953
0.001	0.562327056922416	1e-08	1e-05	0.0660894463740016	7.7487174559197	899.95939814654	1697	74	0.049973418394471	0.050482	0.120813747636509	0.119609658576516	B09	8:94799830:T:C	0.0406063352828556	0.0605245645453873
0.001	0.6	1e-08	1e-05	0.0660894463740016	7.56541055328787	500	1689	82	0.049973418394471	0.050482	0.120452168959628	0.127174769524462	B34	8:94799830:T:C	0.0430127032959564	0.0633614163013789
0.001	0.536386245294879	1e-08	1e-05	0.0660894463740016	7.59407202766808	899.959465116597	1573	198	0.049973418394471	0.050482	0.120570641452899	0.122295078123267	E55	8:94799830:T:C	0.0426247974464409	0.0629061752893079
0.001	0.528208707870049	1e-08	1e-05	0.0660894463740016	7.54361713352265	899.961104331322	1681	90	0.049973418394471	0.050482	0.120541509085523	0.124908530011711	E58	8:94799830:T:C	0.0433106441329645	0.0637105529608841
0.001	0.6	1e-08	1e-05	0.0660894463740016	7.56651521896229	899.95833213159	1605	166	0.049973418394471	0.050482	0.121306038241052	0.115517187330893	H10	8:94799830:T:C	0.0429976702939669	0.0633437881572132
0.001	0.597851065872602	1e-08	1e-05	0.0660894463740016	7.51397805548225	899.961313283046	1679	92	0.049973418394471	0.050482	0.120643690679314	0.122948780687489	K59	8:94799830:T:C	0.0437200402798053	0.0641895639433563
0.001	0.6	1e-08	1e-05	0.0660894463740016	7.56651357343316	899.958368878276	1597	174	0.049973418394471	0.050482	0.120658120650825	0.121730033301439	L20	8:94799830:T:C	0.042997692682452	0.0633438144114742
0.001	0.496226402363153	1e-08	1e-05	0.0660894463740016	7.71126088114142	899.959457588306	1700	71	0.049973418394471	0.050482	0.12061566765458	0.124301541704673	L23	8:94799830:T:C	0.0410839562820748	0.0610900897777511
0.001	0.522723028747652	1e-08	1e-05	0.0660894463740016	7.55465902394769	899.960731469026	1697	74	0.049973418394471	0.050482	0.120850664882571	0.118763056325603	L28	8:94799830:T:C	0.0431593643029831	0.0635333348317308
0.001	0.562390266087714	1e-08	1e-05	0.0660894463740016	8.82334786283771	899.950104369342	1438	333	0.049973418394471	0.050482	0.119693047768599	0.125385711058775	L30	8:94799830:T:C	0.0294506332408795	0.0469103319576309
0.001	0.577450335200892	1e-08	1e-05	0.0660894463740016	7.74964788281218	899.95977526916	1710	61	0.049973418394471	0.050482	0.120973708289112	0.114868906548135	Q82	8:94799830:T:C	0.0405945605288007	0.0605106069100605
0.001	0.6	1e-08	1e-05	0.0660894463740016	7.56540376046591	500	1652	119	0.049973418394471	0.050482	0.12055535525546	0.123652080603341	J30	8:94799830:T:C	0.043012795757585	0.0633615247210537
0.001	0.558341712308542	1e-08	1e-05	0.0660894463740016	7.35278663913262	899.961183950611	1330	441	0.049973418394471	0.050482	0.119718840953009	0.123913800467835	J40	8:94799830:T:C	0.0460342233480473	0.0668817750807353
0.001	0.563046871326664	1e-08	1e-05	0.0660894463740016	7.81519897319487	899.957640622217	1491	280	0.049973418394471	0.050482	0.120676933484416	0.121224059459119	K92	8:94799830:T:C	0.0397757285712035	0.05953808537315
0.001	0.523920660285473	1e-08	1e-05	0.0660894463740016	7.51830664596328	899.960913281829	1636	135	0.049973418394471	0.050482	0.121118736748758	0.116457712243328	K30	8:94799830:T:C	0.0436599467860281	0.0641193047511099
0.001	0.597144926582503	1e-08	1e-05	0.0774166095869281	7.40545885254626	899.955095823851	761	113	0.0732519422863485	0.054401	0.120485031698952	0.121248863597447	J03	8:113006154:T:C	0.0452613539159541	0.0659855264671065
0.001	0.574372352036491	1e-08	1e-05	0.0774166095869281	7.40457060541113	899.956382639284	821	53	0.0732519422863485	0.054401	0.120969171281749	0.114613982775432	J30	8:113006154:T:C	0.045274250777954	0.0660005054277912
0.001	0.570048780882307	1e-08	1e-05	0.0753825068423544	7.75807462560602	899.958137865198	990	85	0.0707964601769911	0.054595	0.119886352083576	0.11796112482343	L20	8:113006537:G:C	0.0404881142132747	0.0603843921882619
0.001	0.576078211289106	1e-08	1e-05	0.0731716138354293	7.56489916515007	899.960765084757	1155	217	0.0559006211180124	0.054747	0.119447773127334	0.123317865885848	B08	8:113009255:A:G	0.0430196648427936	0.0633695792264561
0.001	0.53310968391866	1e-08	1e-05	0.0731716138354293	7.85748699414662	899.958583721321	1210	162	0.0559006211180124	0.054747	0.119786167207499	0.122104274927318	E55	8:113009255:A:G	0.0392585243894246	0.0589218578700563
0.001	0.561324075343893	1e-08	1e-05	0.0731716138354293	7.29750850783475	899.913379157306	1298	74	0.0559006211180124	0.054747	0.119808398730915	0.124470990629349	K59	8:113009255:A:G	0.0468633638501876	0.0678401706893916
0.001	0.533519633734904	1e-08	1e-05	0.0731716138354293	7.92964068091813	899.957355178554	1237	135	0.0559006211180124	0.054747	0.120009821379	0.120518561581306	L20	8:113009255:A:G	0.0383954698306548	0.0578901253966388
0.001	0.597592333570107	1e-08	1e-05	0.0707227735204143	7.32843855702695	899.962077440244	1203	69	0.0545868081880212	0.05204	0.119687797594449	0.121215928503338	J00	9:20054840:C:G	0.0463971255926443	0.0673016419067536
0.001	0.549548731203746	1e-08	1e-05	0.0707227735204143	7.23334867529592	899.96231749525	1191	81	0.0545868081880212	0.05204	0.119625246198233	0.121909275935281	J01	9:20054840:C:G	0.0478495571970841	0.0689760140541114
0.001	0.557646607997335	1e-08	1e-05	0.0707227735204143	8.39292639682295	899.954819178148	1181	91	0.0545868081880212	0.05204	0.119734463313144	0.120240861538791	J98	9:20054840:C:G	0.0333877541485561	0.0518123258214411
0.001	0.54569915995836	1e-08	1e-05	0.0707227735204143	7.10074041300403	899.957538359696	919	353	0.0545868081880212	0.05204	0.119734011424212	0.119866184345615	K52	9:20054840:C:G	0.0499725280769754	0.0714065906934664
0.001	0.519290296924755	1e-08	1e-05	0.0707227735204143	7.15695803269465	899.962364379244	1206	66	0.0545868081880212	0.05204	0.1196678283537	0.121650281489254	K59	9:20054840:C:G	0.0490582544279616	0.0703622317932135
0.001	0.590536998367834	1e-08	1e-05	0.0707227735204143	7.11880703322425	899.957226537069	1220	52	0.0545868081880212	0.05204	0.119690751213166	0.12164621332289	Q82	9:20054840:C:G	0.0496763741496631	0.0710686883633738
0.001	0.557151847903724	1e-08	1e-05	0.0707227735204143	7.15030837564098	899.954639814178	953	319	0.0545868081880212	0.05204	0.118837941778454	0.122557244695882	J40	9:20054840:C:G	0.0491652881851188	0.0704846790959683
0.001	0.596204094054344	1e-08	1e-05	0.0707227735204143	7.56690037630365	899.954340232188	1186	86	0.0545868081880212	0.05204	0.119412266309796	0.12471362476087	K30	9:20054840:C:G	0.0429924303849218	0.0633376434128525
0.001	0.545042902217613	1e-08	1e-05	0.0729837599121861	8.34831993169157	899.955795948553	795	88	0.0487540628385699	0.050812	0.119980116204448	0.120632715456678	A09	9:73969902:A:G	0.0338326735830947	0.0523590452035696
0.001	0.590307031088276	1e-08	1e-05	0.0729837599121861	7.82034923315202	899.958918108681	830	53	0.0487540628385699	0.050812	0.120323212385786	0.115690661557009	J01	9:73969902:A:G	0.0397122805356807	0.0594625715584007
0.001	0.549228163867502	1e-08	1e-05	0.0672775022761429	7.99351903729914	899.957715394151	1514	175	0.053858967240422	0.05119	0.11957561715539	0.121054538883926	A09	3:45186585:G:A	0.0376512708492986	0.0569969430838404
0.001	0.571636985596373	1e-08	1e-05	0.0672775022761429	7.34021256097799	899.960536005046	1436	253	0.053858967240422	0.05119	0.119482061248464	0.121129599704162	B08	3:45186585:G:A	0.0462211869813405	0.0670981628844141
0.001	0.6	1e-08	1e-05	0.0672775022761429	7.43181864745441	500	1428	261	0.053858967240422	0.05119	0.119811089248545	0.119278901268294	B99	3:45186585:G:A	0.0448807288072754	0.0655430928060123
0.001	0.564877615323523	1e-08	1e-05	0.0672775022761429	8.23592960097183	899.9522937803	1614	75	0.053858967240422	0.05119	0.119830858463635	0.117533641568538	J00	3:45186585:G:A	0.0349872234561337	0.0537713885780635
0.001	0.560418904711686	1e-08	1e-05	0.0672775022761429	7.76445765964633	899.959591418469	1289	400	0.053858967240422	0.05119	0.118798311467418	0.122727512991112	J02	3:45186585:G:A	0.0404077182718381	0.0602890242248963
0.001	0.560140267088939	1e-08	1e-05	0.0672775022761429	8.023960293466	899.958225956835	1466	223	0.053858967240422	0.05119	0.118804184779178	0.125807595478353	J03	3:45186585:G:A	0.0373030187414418	0.0565778240434873
0.001	0.6	1e-08	1e-05	0.0672775022761429	7.43391787886812	899.92200985698	1564	125	0.053858967240422	0.05119	0.1197312562408	0.119698751338686	J04	3:45186585:G:A	0.0448505909437569	0.065508031107532
0.001	0.56531310908488	1e-08	1e-05	0.0672775022761429	7.41731262005247	899.958534461567	562	1127	0.053858967240422	0.05119	0.117799044998169	0.120691184905924	J06	3:45186585:G:A	0.0450896873532567	0.065786069758208
0.001	0.560064259633587	1e-08	1e-05	0.0672775022761429	7.35440281264278	899.960005975811	1394	295	0.053858967240422	0.05119	0.119451886958444	0.121037621213141	J18	3:45186585:G:A	0.0460102619077194	0.0668540308007253
0.001	0.545762714054982	1e-08	1e-05	0.0672775022761429	7.39101879816566	899.959452725944	1002	687	0.053858967240422	0.05119	0.11833122247954	0.121767312595994	J20	3:45186585:G:A	0.0454715928943452	0.0662296078663969
0.001	0.559786539387566	1e-08	1e-05	0.0672775022761429	7.53029393027464	899.95797268291	1493	196	0.053858967240422	0.05119	0.119531270589906	0.121233886159272	J21	3:45186585:G:A	0.0434940719347545	0.0639252756834614
0.001	0.6	1e-08	1e-05	0.0672775022761429	7.43181761035645	500	1584	105	0.053858967240422	0.05119	0.119426194506431	0.124294634092965	J98	3:45186585:G:A	0.0448807437028189	0.0655431101340591
0.001	0.518605845286132	1e-08	1e-05	0.0672775022761429	9.19628812857079	899.951348175689	1241	448	0.053858967240422	0.05119	0.119459569857378	0.120474782332458	K52	3:45186585:G:A	0.0265003382204829	0.0431534049201556
0.001	0.573477821488889	1e-08	1e-05	0.0672775022761429	7.4438484120188	899.96166692439	1630	59	0.053858967240422	0.05119	0.119708001239855	0.120304858592929	Q38	3:45186585:G:A	0.044708368240487	0.0653425130785146
0.001	0.554043467940084	1e-08	1e-05	0.0672775022761429	7.60928502262725	899.958239874641	1636	53	0.053858967240422	0.05119	0.119741089162218	0.1193510718596	B09	3:45186585:G:A	0.0424206982479896	0.0626663354357078
0.001	0.591478415925707	1e-08	1e-05	0.0672775022761429	7.35071258957667	899.962028900382	1507	182	0.053858967240422	0.05119	0.119749030852861	0.119561753751019	E55	3:45186585:G:A	0.0460649963939213	0.0669174023863774
0.001	0.506693583032556	1e-08	1e-05	0.0672775022761429	7.44029737837573	899.961258542162	1617	72	0.053858967240422	0.05119	0.119356819989781	0.128084038256557	E58	3:45186585:G:A	0.0447591597358898	0.0654016352182931
0.001	0.560860114012282	1e-08	1e-05	0.0672775022761429	7.35504439713518	899.96071828583	1538	151	0.053858967240422	0.05119	0.119328558525499	0.123805997786293	H10	3:45186585:G:A	0.0460007541281113	0.0668430212641644
0.001	0.574698214306014	1e-08	1e-05	0.0672775022761429	7.74125672275855	899.956658437729	1591	98	0.053858967240422	0.05119	0.119435844812751	0.124485710008784	H52	3:45186585:G:A	0.040700908467755	0.060636642666773
0.001	0.581433323717622	1e-08	1e-05	0.0672775022761429	7.65660663186821	899.955641796877	1582	107	0.053858967240422	0.05119	0.119893562732061	0.117293574166612	K59	3:45186585:G:A	0.0417936646577612	0.0619281377174312
0.001	0.559814270769461	1e-08	1e-05	0.0672775022761429	7.40082806676859	899.958263600455	1554	135	0.053858967240422	0.05119	0.119880217316363	0.117986451617184	L20	3:45186585:G:A	0.0453286414341609	0.0660636682869045
0.001	0.6	1e-08	1e-05	0.0672775022761429	7.43179834386567	500	1611	78	0.053858967240422	0.05119	0.119769141208158	0.118896694764166	L23	3:45186585:G:A	0.0448810204230918	0.065543432043691
0.001	0.570916807462329	1e-08	1e-05	0.0672775022761429	7.24894697067071	899.961447123595	1613	76	0.053858967240422	0.05119	0.119628272230124	0.121863494352071	L28	3:45186585:G:A	0.047607400739812	0.0686975170495128
0.001	0.555023334389388	1e-08	1e-05	0.0672775022761429	7.58675527396266	899.945328557402	1399	290	0.053858967240422	0.05119	0.119794428719835	0.11941249275482	L30	3:45186585:G:A	0.0427234014048812	0.0630219689421365
0.001	0.521874703722395	1e-08	1e-05	0.0672775022761429	7.38662247765654	899.960698984691	1617	72	0.053858967240422	0.05119	0.119589731354504	0.122853237190465	Q82	3:45186585:G:A	0.0455358458439719	0.0663041616946702
0.001	0.534447612773405	1e-08	1e-05	0.0672775022761429	7.40269015199933	899.95905204545	1589	100	0.053858967240422	0.05119	0.119607915743405	0.121650505616771	J30	3:45186585:G:A	0.045301569261442	0.0660322316425432
0.001	0.550959514112664	1e-08	1e-05	0.0672775022761429	7.51231000150839	899.960456248194	1259	430	0.053858967240422	0.05119	0.119289402915568	0.121015512574994	J40	3:45186585:G:A	0.0437432256355492	0.0642166666104205
0.001	0.525160740723641	1e-08	1e-05	0.0672775022761429	7.67139226549365	899.959643818209	1410	279	0.053858967240422	0.05119	0.119696719186038	0.119891235217325	K92	3:45186585:G:A	0.0416001501647765	0.061699896597428
0.001	0.6	1e-08	1e-05	0.0672775022761429	7.43180335290576	500	1634	55	0.053858967240422	0.05119	0.119681234189202	0.121143491141663	P59	3:45186585:G:A	0.0448809484791686	0.0655433483511167
0.001	0.6	1e-08	1e-05	0.0672775022761429	7.43179330650229	500	1583	106	0.053858967240422	0.05119	0.119621730781872	0.121328574058906	K30	3:45186585:G:A	0.0448810927739645	0.0655435162096454
0.001	0.54863919275854	1e-08	1e-05	0.0697351636839929	7.24160192321724	899.959123978048	1087	184	0.0572720422004522	0.05119	0.119371576019978	0.122393965265136	B08	3:45186644:T:A	0.0477212356476631	0.0688284678421953
0.001	0.541805704910008	1e-08	1e-05	0.0697351636839929	7.66966204949004	899.958594251766	1066	205	0.0572720422004522	0.05119	0.120584351092736	0.115777924281191	B99	3:45186644:T:A	0.0416227367317568	0.0617265466541563
0.001	0.498528733457985	1e-08	1e-05	0.0697351636839929	7.17185050031943	899.962038861147	1208	63	0.0572720422004522	0.05119	0.119607899476442	0.123667463094591	J00	3:45186644:T:A	0.0488196111083998	0.0700890443589099
0.001	0.548509602274047	1e-08	1e-05	0.0697351636839929	7.32652121842911	899.961504792142	985	286	0.0572720422004522	0.05119	0.11990652937907	0.119473640923487	J02	3:45186644:T:A	0.0464258564603293	0.0673348564975658
0.001	0.528365198082802	1e-08	1e-05	0.0697351636839929	7.1790703293632	899.962909270855	1120	151	0.0572720422004522	0.05119	0.11985379032296	0.11947779854825	J03	3:45186644:T:A	0.0487044462497861	0.0699571208934917
0.001	0.559875752660591	1e-08	1e-05	0.0697351636839929	7.17649844125167	899.959939561988	1193	78	0.0572720422004522	0.05119	0.120051581061284	0.116100724825491	J04	3:45186644:T:A	0.0487454314592493	0.07000407680877
0.001	0.541184275149748	1e-08	1e-05	0.0697351636839929	7.20604810233434	899.961391016624	1053	218	0.0572720422004522	0.05119	0.120095174597569	0.11842740317092	J18	3:45186644:T:A	0.0482771493065828	0.0694671388239805
0.001	0.505225859031487	1e-08	1e-05	0.0697351636839929	7.12435249667974	899.962827901444	1199	72	0.0572720422004522	0.05119	0.119966215159958	0.117193066190429	J98	3:45186644:T:A	0.0495859170276869	0.0709654056266829
0.001	0.497126130528922	1e-08	1e-05	0.0697351636839929	7.16593985122051	899.96198283423	918	353	0.0572720422004522	0.05119	0.12113798794512	0.116353313906178	K52	3:45186644:T:A	0.0489141496638041	0.0701972970190905
0.001	0.5372786125118	1e-08	1e-05	0.0697351636839929	7.25887431483707	899.959931138388	1213	58	0.0572720422004522	0.05119	0.119693030174799	0.122237019663262	B34	3:45186644:T:A	0.0474540902482501	0.06852106345047
0.001	0.6	1e-08	1e-05	0.0697351636839929	7.16990659309577	500	1141	130	0.0572720422004522	0.05119	0.119844049399697	0.119502556749586	E55	3:45186644:T:A	0.0488506776140687	0.070124621755129
0.001	0.498413257616442	1e-08	1e-05	0.0697351636839929	7.17250947123834	899.962119715181	1203	68	0.0572720422004522	0.05119	0.119097426264926	0.132399837438152	H52	3:45186644:T:A	0.0488090854559304	0.0700769894211177
0.001	0.567988285900637	1e-08	1e-05	0.0697351636839929	8.44547650066654	899.954790703756	1156	115	0.0572720422004522	0.05119	0.120558770387194	0.112273514564383	L20	3:45186644:T:A	0.0328730005512958	0.0511780426161288
0.001	0.534538270420222	1e-08	1e-05	0.0697351636839929	7.17065335737597	899.961262320968	1057	214	0.0572720422004522	0.05119	0.120670120889193	0.115556425058991	L30	3:45186644:T:A	0.0488387402601829	0.0701109515793439
0.001	0.530742788023972	1e-08	1e-05	0.0697351636839929	7.33895196880078	899.961348445153	1205	66	0.0572720422004522	0.05119	0.119998838647763	0.116345335938587	J30	3:45186644:T:A	0.0462399836034644	0.0671199086844969
0.001	0.568143183161697	1e-08	1e-05	0.0697351636839929	7.32967234403633	899.959177884032	1093	178	0.0572720422004522	0.05119	0.119879252795746	0.119378479981743	K92	3:45186644:T:A	0.0463786494729854	0.0672802803939485
0.001	0.599109650680234	1e-08	1e-05	0.0697351636839929	7.25740045986928	899.956162082496	1203	68	0.0572720422004522	0.05119	0.119571003369825	0.124021701302967	L50	3:45186644:T:A	0.0474768118442508	0.0685472216678287
0.001	0.544754935268332	1e-08	1e-05	0.0697351636839929	7.35807190372485	899.961142882539	1194	77	0.0572720422004522	0.05119	0.11971363837695	0.121289721044451	K30	3:45186644:T:A	0.0459559223545156	0.0667911025886649
0.001	0.559800275402948	1e-08	1e-05	0.078313940690622	8.36739269854915	899.952573042271	681	416	0.0671316477768091	0.0680960000000001	0.120711227867014	0.122193543412987	J20	3:12675144:T:G	0.0336415285029825	0.0521243353805212
